person_id,full_name,rel_count,category_guess,candidate_canonical_ids,candidate_canonical_names,action,merge_target_id,rename_to,notes
1204,^j^j,0,unmatched,,,,,,
828,Abelard,0,unmatched,,,,,,
1180,Abraham,0,surname,895,Abraham Tucker,,,,
879,Adele,23,firstname,,,,,,
855,Aiken,0,surname,480,William Aiken,,,,
603,Albert,2,firstname,12;13;602,Albert Micajah;Albert Rhetts;My Albert,,,,
750,Alfred,1,firstname,21;166;709,Alfred Huger;George Alfred;Charles Alfred,,,,
1142,Allen,0,surname,25;164;1210,Allen Merrits;G. Allen Huggins;Allen Izard,,,,
921,Amos,0,firstname,,,,,,
902,Anderson,1,unmatched,,,,,,
569,Andrew,0,firstname,29;30;32;33,Andrew B. Crook;Andrew Gordon Magrath;Andrew Pickens;Andrew Pickens Butler,,,,
1185,Ann,0,firstname,1169;1195;1245,Ann Pamela Cunningham;Sister Ann;Sister Ann's,,,,
1199,Anna,0,firstname,35;36;37,Anna Green;Anna Hayne;Anna Perry,,,,
806,Anne,3,firstname,38;847;937,Anne Williams;Anne Deas;Mary Anne Petigru,,,,
1141,Archer,0,surname,524,William S. Archer,,,,
678,ardson,0,unmatched,,,,,,
862,Arthur,0,firstname,42;43;44;459,Arthur Hayne;Arthur P. Hayne;Arthur Simpkins;Tommy Arthur,,,,
922,Austen,0,firstname,,,,,,
803,Badwell,6,unmatched,,,,,,
627,Baker,0,unmatched,,,,,,
722,Balaam,0,firstname,,,,,,
1078,Baldwin,0,surname,268,John Baldwin,,,,
949,Bartholomew,0,firstname,,,,,,
992,Beauregard,2,unmatched,,,,,,
604,Becky,0,firstname,56,Becky Sharp,,,,
936,Bellinger,0,unmatched,,,,,,
564,Belot,0,unmatched,,,,,,
813,Ben,15,firstname,57;58;59;708;1234,Ben McCulloch;Ben McDaniel;Ben Yanceys;Ben Huger;Ben All- ston,,,,
700,Benjamin,0,firstname,2;61;689;1082,Benjamin Franklin Perry;Benjamin D. Naebors;Benjamin Watkins Leigh was;Benjamin Fanieul Hunt,,,,
789,Bennett,1,unmatched,,,,,,
720,Bergeaud,0,unmatched,,,,,,
751,Berrien,7,unmatched,,,,,,
958,bert,0,unmatched,,,,,,
744,Bill,8,firstname,64;65;66;67;68,Bill Arps;Bill Beattie;Bill Fisher &;Bill Jones;Bill Thompson,,,,
1189,Blatchford,0,unmatched,,,,,,
883,Boileau,0,unmatched,,,,,,
987,Bowie,0,surname,583,Alexander Bowie,,,,
866,Bowman,0,unmatched,,,,,,
615,Boycef,0,junk,,,drop,,,
787,Boyer,0,unmatched,,,,,,
655,Branham,0,unmatched,,,,,,
644,Brisbane,0,unmatched,,,,,,
1089,Britt,3,unmatched,,,,,,
998,Brown,0,surname,384;642,Robert Brown Elliott;A. H. Brown,,,,
707,Brutus,0,firstname,,,,,,
915,Bryan,0,surname,203;1140,Isaac Bryan;Hardy Bryan Croom,,,,
854,Buchanan,2,unmatched,,,,,,
872,Bull,0,unmatched,,,,,,
1073,Bunell,0,unmatched,,,,,,
1237,Burnett,0,unmatched,,,,,,
1019,Burnside,1,unmatched,,,,,,
748,Burrell,0,unmatched,,,,,,
900,Burt,1,surname,41;148,Armistead Burt;Frank Burt,,,,
835,burton,0,unmatched,,,,,,
1163,Calas,0,unmatched,,,,,,
601,Calhoun,30,surname,272;332;374;485;791,John C. Calhoun;Martha Calhoun;Ransom Calhoun;William Calhoun;J. C. Calhoun,,,,
578,Cardiospermum,0,unmatched,,,,,,
623,Cardoza,0,unmatched,,,,,,
672,Carew,0,unmatched,,,,,,
579,Carey,25,unmatched,,,,,,
815,Caroline,19,firstname,1135,Jane Caroline,,,,
1087,Carr,0,unmatched,,,,,,
864,carson,7,surname,244;425;916;1053;1178;1247,Jennie Carson;Tench Carson;W. A. Carson;James Carson;william carson;JAMES PETIGRU CARSON,,,,
1241,Carter,0,unmatched,,,,,,
910,Cary,0,firstname,473,Wes Cary,,,,
812,Casey,0,unmatched,,,,,,
908,Cass,2,surname,324,Lewis Cass,,,,
660,Charles,26,firstname,74;75;76;77;78;79;80;274;709;825;907,Charles Alexander Thornwell;Charles Hammond;Charles Henry Simonton;Charles Hill;Charles Lanman;Charles Magill Conrad;Charles Sullivan;John Charles McClenaghan;Charles Alfred;Charles Elliott;Charles Pelot,,,,
1037,Charley,12,firstname,81;82;83,Charley Ketchum;Charley Lanneau;Charley ONeal,,,,
805,Chattahoochie,0,unmatched,,,,,,
773,Chesnut,0,surname,214,James Chesnut,,,,
647,Chester,0,unmatched,,,,,,
1108,Chisolm,0,unmatched,,,,,,
1218,Choiseul,0,unmatched,,,,,,
723,Clark,2,unmatched,,,,,,
633,Clay,1,unmatched,,,,,,
635,Clayton,2,unmatched,,,,,,
912,Collier,1,unmatched,,,,,,
934,Conner,2,unmatched,,,,,,
968,Cook,0,unmatched,,,,,,
683,Cooper,6,unmatched,,,,,,
1027,Coosawhatchie,0,unmatched,,,,,,
1121,Cornwallis,0,unmatched,,,,,,
1109,Coster,0,unmatched,,,,,,
1183,Cotton,0,surname,1175,Cotton Country,,,,
586,Crafts,0,unmatched,,,,,,
1143,Croom,0,surname,1140,Hardy Bryan Croom,,,,
1014,Cuthbert,0,surname,1016;1131,William Cuthbert;George B. Cuthbert,,,,
919,Cuyler,0,unmatched,,,,,,
747,Dagon,0,unmatched,,,,,,
817,Dan,8,unmatched,,,,,,
822,Dana,0,unmatched,,,,,,
804,Daniel,2,firstname,94;311;885,Daniel Elliott Huger;Joseph Daniel Pope;Daniel arrived,,,,
770,David,0,surname,95;96;97;769,David J. McCords;David Johnson;David Lowry;David McCord,,,,
651,Davis,24,surname,70;242;276;469;848;925,Bishop Davis;Jeff Davis;John Davis;Warren Davis;Nathan Davis;George Davis,,,,
974,De,0,surname,1156;1159,Louis Dumesnil de St. Pierre;Jean de la Howe,,,,
588,Dean,1,unmatched,,,,,,
1120,DeKalb,0,unmatched,,,,,,
759,Demos,3,unmatched,,,,,,
1129,Dick,0,surname,100;1084,Dick Jacobs;Dick Johnson,,,,
1088,Dickert,0,unmatched,,,,,,
763,Dickson,0,surname,407,Samuel Henry Dickson,,,,
1094,Divorce,0,unmatched,,,,,,
719,Douglas,0,unmatched,,,,,,
950,Douglass,0,surname,741,Douglass Cruger,,,,
699,Duff,0,surname,698,Duff Green,,,,
686,Duffie,0,unmatched,,,,,,
743,Dunkin,0,surname,322,Justine Dunkin,,,,
675,Earle,0,surname,102;109;119;129;406;447;451,E.D. Earle;Edward Earle;Elias Earle;Emily Earle;Samuel Earle;Thompson Earle;Tom Earle,,,,
1100,Easter,0,unmatched,,,,,,
1212,Edenton,0,unmatched,,,,,,
963,Edgefield,1,unmatched,,,,,,
1009,Edgerton,0,unmatched,,,,,,
543,Elie,0,surname,566,Elie Gibert,,,,
555,Elizabeth,0,firstname,,,,,,
1057,Elkins,1,unmatched,,,,,,
894,Elmore,1,surname,158;734,Franklin Harper Elmore;Franklin Elmore,,,,
1193,Embrace,0,unmatched,,,,,,
824,Episcopal,0,unmatched,,,,,,
1029,Erickson,0,unmatched,,,,,,
630,Ervin,0,unmatched,,,,,,
928,Essay,0,unmatched,,,,,,
643,Estill,0,unmatched,,,,,,
548,Etienne,0,surname,279;565,John Etienne;Etienne Gibert,,,,
676,Evans,1,surname,320;351,Josiah James Evans;Oliver Evans Edwards,,,,
955,Everett,2,surname,1146,EDWARD EVERETT,,,,
831,Familiar,0,unmatched,,,,,,
1165,Farmer,0,unmatched,,,,,,
1174,Faulkner,0,unmatched,,,,,,
715,Felder,0,unmatched,,,,,,
571,Felix,0,surname,138,Felix Rodgers,,,,
662,Figaro,0,unmatched,,,,,,
1092,Fisk,0,unmatched,,,,,,
1209,Floyd,0,unmatched,,,,,,
1224,Forrest,0,unmatched,,,,,,
638,Forsyth,2,unmatched,,,,,,
654,Foster,1,surname,140;141;387,Foster Goodell;Foster Perry;Robert Foster,,,,
1239,Frank,0,surname,148;149;150;151;152;153;154;155;156;157,Frank Burt;Frank Cox;Frank Coxe;Frank Fisher;Frank Kayne;Frank Key;Frank McBee;Frank Perry;Frank Pickens;Frank Porcher,,,,
1222,Fraser,0,unmatched,,,,,,
1030,Frasier,0,unmatched,,,,,,
673,Frost,1,surname,115,Edward Frost,,,,
595,G.,0,surname,182;183,G.M. Thompson;G.M. Thorp,,,,
1114,Gadsden,0,unmatched,,,,,,
677,Gantt,2,surname,658,Tom Gantt,,,,
616,Gazette,0,unmatched,,,,,,
1059,George,1,firstname,165;166;167;168;169;170;171;172;173;174;175;176;177;178;846;880;925;984;1131;1176;1177;1208,George A. Gardiner;George Alfred;George Bryant;George Butler;George Croft;George D. Tillman;George F. Townes;George Franklin Townes;George Gliddon;George Gordon Meade;George H. Pendleton;George McDuffie;George Washington Dargan;George Wells;George Street;George R.;George Davis;George W. Williams;George B. Cuthbert;George Ingraham;George is;George Williams,,,,
605,Gibbes,0,unmatched,,,,,,
544,Gibert,0,surname,545;546;559;565;566;1153,Pierre Gibert;Joseph Bienaime Gibert;Jean Louis Gibert;Etienne Gibert;Elie Gibert;E. Gibert,,,,
764,Gilmer,3,surname,1231,Lewis Gilmer,,,,
714,Gisberne,0,unmatched,,,,,,
842,Gladden,0,unmatched,,,,,,
781,Glasgow,0,unmatched,,,,,,
613,Godard,0,unmatched,,,,,,
875,Godmother,0,unmatched,,,,,,
1002,Gould,0,unmatched,,,,,,
861,Gourdin,0,surname,1235,Peter Gourdin,,,,
1123,Graham,0,surname,1126,W. A. Graham,,,,
938,Grandma,0,unmatched,,,,,,
979,Grandmother,1,unmatched,,,,,,
587,Gray,1,unmatched,,,,,,
1225,Greer,0,unmatched,,,,,,
746,Gregg,1,unmatched,,,,,,
594,Gregorie,0,unmatched,,,,,,
1154,Grut,0,unmatched,,,,,,
570,Guilfoyle,1,unmatched,,,,,,
1221,Guillou,0,unmatched,,,,,,
1172,Gwinne,0,unmatched,,,,,,
1197,Hachet,0,unmatched,,,,,,
1032,Haddrels,0,unmatched,,,,,,
856,Haigler,0,unmatched,,,,,,
666,Hamilton,41,surname,832;834;961,James Hamilton;J. Hamilton;Jack Hamilton,,,,
697,Hampden,0,unmatched,,,,,,
553,Harriet,0,surname,184;185;899,Harriet Perry;Harriet Thurston;Harriet Porcher,,,,
775,Harriette,0,unmatched,,,,,,
1111,Harris,0,surname,390,Robert Harris,,,,
965,Hartstene,0,unmatched,,,,,,
1064,Harvey,0,unmatched,,,,,,
732,Hayne,0,surname,27;36;42;43;49;105;111;121;130;142;187;188;204;358;420;500;693,Alston Hayne;Anna Hayne;Arthur Hayne;Arthur P. Hayne;Aunt Hayne;Edmond Hayne;Edward Hayne;Eliza Hayne;Emily Hayne;Frances Hayne;Hayne Perry;Hayne Wells;Isaac Hayne &;Paul Hayne;Susan Hayne;William Hayne Perry;Young Hayne,,,,
554,Hemphill,0,unmatched,,,,,,
850,Henry,12,firstname,76;190;191;192;193;194;195;196;197;198;199;205;216;224;407;502;503;504;679;684;718;765;914;995;1010;1068;1119,Charles Henry Simonton;Henry Buist;Henry Cauble;Henry Clinton;Henry D. Doyley;Henry Deas Lesesne;Henry Heyward;Henry Pinckney Hammett &;Henry Sparnick;Henry Thurston;Henry William Garlington;Isaac Henry;James Edward Henry;James Henry Hammond;Samuel Henry Dickson;William Henry Foote;William Henry Millburns;William Henry White;Henry A.;Henry L. Pinckney;Henry Cruger;Henry North;Henry D. Lesesne;Henry Young;Henry King;Henry Middleton*;Henry King so,,,,
593,Heyward,1,surname,195;347;1211,Henry Heyward;Nat Heyward;William Heyward,,,,
620,Holmes,11,surname,206;793,Isaac Holmes;L. P. Holmes,,,,
681,Horry,0,unmatched,,,,,,
807,Httle,0,unmatched,,,,,,
618,Huger,18,surname,21;94;648;708;863;966,Alfred Huger;Daniel Elliott Huger;A. Huger's;Ben Huger;John Huger;Tom Huger hang,,,,
799,Hugh,0,surname,4;143;705,Hugh Legaré;Francis Hugh Wardlaw;HUGH S. LEGARE,,,,
1249,Hunter,0,unmatched,,,,,,
1033,Huntsville,0,unmatched,,,,,,
1139,Hymen,0,unmatched,,,,,,
887,Ingraham,0,surname,1176,George Ingraham,,,,
1196,J.,0,surname,240;249;255,J.B. Campbell;J.H. Hammond;J.L. Orr,,,,
664,Jack,27,surname,210;961;993,Jack Jenkins;Jack Hamilton;Jack Middleton,,,,
632,Jackson,3,unmatched,,,,,,
710,Jacobins,0,unmatched,,,,,,
779,James,45,firstname,211;212;213;214;215;216;217;218;219;220;221;222;223;224;225;227;228;229;230;231;232;233;234;235;236;237;320;685;738;832;931;957;960;967;1005;1052;1053;1118;1170;1247,James B. Campbell;James Benson;James Black;James Chesnut;James Diament;James Edward Henry;James Farrow;James H. Adams;James H. Irby;James H. Norwood;James H. Rion;James Harrison;James Henley;James Henry Hammond;James Lawrence Orr;James M. Carlisle;James M. Gadberry &;James McCullough;James Moore Wayne;James OHanlon;James Parsons Carroll;James Perrin;James Petigru Boyce;James Simmons;James Smith Rhett;James Washington;Josiah James Evans;James Louis Petigru;James Smith;James Hamilton;James Jones;James Lowndes;James north;James Island;JAMES PETIGRU;James River;James Carson;James Johnston Pettigrew;James North's;JAMES PETIGRU CARSON,,,,
584,Jane,78,firstname,238;239;909;1099;1135,Jane Adams;Jane Walker;Aunt Jane;Jane Petigru North;Jane Caroline,,,,
983,Jeff,10,surname,241;242,Jeff Arnold;Jeff Davis,,,,
702,Jefferson,5,surname,439;440,Thomas Jefferson;Thomas Jefferson Withers,,,,
1201,Jem,1,unmatched,,,,,,
962,Jennings,0,surname,245,Jennings Goodlett,,,,
716,Jeroboam,0,unmatched,,,,,,
797,Jim*,3,unmatched,,,,,,
809,Jnd,0,unmatched,,,,,,
1035,Jo,11,surname,1034;1233,Jo Blyth;Jo Blythe,,,,
581,Joe,1,surname,257;258;259;802,Joe Ferguson;Joe Longs;Joe McCullough;Joe Lesesne,,,,
774,John,7,firstname,101;262;263;264;265;266;267;268;269;270;271;272;273;274;275;276;277;278;279;280;281;282;283;284;285;286;287;288;289;290;291;292;293;294;295;296;297;298;299;300;301;302;303;304;305;306;307;308;309;507;628;653;845;863;924;959;1003;1042;1128;1136;1227,Dr. John LeConte;John A. Inglis;John A. Quitman;John Adams Dix;John Algernon Sidney;John Ashe Alston;John Baird;John Baldwin;John Bauskett;John Belton;John Bradly;John C. Calhoun;John C. Norriss;John Charles McClenaghan;John Cunningham;John Davis;John Durant Ashmore;John E. Norris;John Etienne;John Ferguson;John Fowler;John H. Harrisons;John Hughson;John Izard Middleton;John J. Crittenden;John Jones;John L. Manning;John Latimer Westmoreland;John LeConte;John Ligon;John Livingston;John Marshal;John Maxwell;John McColl;John P. Richardson;John Perry;John Peter Richardson;John Pettit;John Preston;John Q. Adams;John Reeds;John S. Preston;John Smyth Richardson;John T. Hoffman;John T. Sloan;John Van Buren;John Watson;John Westfield;John Wickliffe Stokes;William John Grayson;St John's;John Fripp;John Postell;John Huger;John Franklin;John Middleton;John Butler;John DeSaussure;John Randolph's;John A.;John Edwards,,,,
1251,Johnny,0,surname,1250,Johnny Jones,,,,
667,Johnson,22,surname,34;96;487;508;704;897;1083;1084,Andy Johnson;David Johnson;William Dalrymple Johnson;William Johnson;Drove Johnson;Herschell Johnson;little Johnson;Dick Johnson,,,,
784,Johnston,8,surname,396;981;1025;1118,Rufus Johnston;J. JOHNSTON;Johnston Ho;James Johnston Pettigrew,,,,
600,Jones,0,surname,10;67;112;132;139;202;286;339;402;452;692;717;931;1250,Adam Jones;Bill Jones;Edward Jones;Erwin Jones;Flora Jones;Irvine Jones;John Jones;Mary Jones;Sam Jones;Tom Jones;Seaborn Jones;William Jones;James Jones;Johnny Jones,,,,
558,Joseph,0,surname,311;312;313;314;315;316;317;318;546;557;778;1065;1161;1255,Joseph Daniel Pope;Joseph Duncan;Joseph H. Bradley &;Joseph LeConte;Joseph N. Whitner;Joseph Newton;Joseph Powell;Joseph Woodward;Joseph Bienaime Gibert;Joseph Bienaime;Thomas Joseph Pettigrew;JOSEPH W. ALLSTON;Joseph Samuel Pettigrew;Joseph Gilbert,,,,
810,Jove,0,unmatched,,,,,,
626,Joyner,0,unmatched,,,,,,
833,JR,0,surname,466,Wade Hampton Jr.,,,,
878,Julia,0,surname,131;321,Emma Julia Blum;Julia A. Hext,,,,
1173,Jus,0,unmatched,,,,,,
882,Kame,0,unmatched,,,,,,
923,Kane,0,unmatched,,,,,,
849,Kate,0,firstname,,,,,,
1020,Katy,0,unmatched,,,,,,
792,Keith,0,surname,127,Elliott Keith,,,,
930,Keitt,0,surname,323;370,Lawrence M. Keitt;Quitman Keitt,,,,
550,Kennedy,0,unmatched,,,,,,
808,Kinloch,0,unmatched,,,,,,
980,kinsman,0,unmatched,,,,,,
1216,Lady,0,unmatched,,,,,,
752,LaFayette,0,unmatched,,,,,,
682,Lancaster,2,unmatched,,,,,,
1155,Languedoc,0,unmatched,,,,,,
646,Latinae,0,unmatched,,,,,,
589,Laura,0,surname,590,Laura Sweet,,,,
614,Laurens,3,surname,123,Eliza R. Laurens,,,,
1138,Law,0,unmatched,,,,,,
556,Lee,7,unmatched,,,,,,
701,Leigh,3,surname,689,Benjamin Watkins Leigh was,,,,
892,LeSeigneur,0,unmatched,,,,,,
1112,Levee,0,unmatched,,,,,,
745,Lewis,0,surname,324;325;511;1031;1219;1226;1231,Lewis Cass;Lewis Moonwent;William Lewis Sharkey;Lewis Young's;Lewis Gourdine;Lewis Young;Lewis Gilmer,,,,
1036,Lieut,6,unmatched,,,,,,
1022,Linda,0,unmatched,,,,,,
1152,Literary,0,unmatched,,,,,,
939,Lizzie,0,firstname,327,Lizzie R. Smith,,,,
561,Longcane,0,unmatched,,,,,,
742,Lose,0,unmatched,,,,,,
1007,Lou,0,surname,932,Little Lou,,,,
1054,Louinie,0,unmatched,,,,,,
1107,Louis,1,surname,328;549;559;582;685;721;1156,Louis Trezevant Wigfall;Jean Louis;Jean Louis Gibert;Louis Gillmer;James Louis Petigru;Louis Philippe;Louis Dumesnil de St. Pierre,,,,
829,Louisa,2,unmatched,,,,,,
560,Louise,13,surname,1205;1256,Louise Porcher;Louise Gilbert Pettigrew,,,,
851,Lowndes,0,surname,512;957,William Lowndes;James Lowndes,,,,
906,Lucia,0,unmatched,,,,,,
904,Lucy,0,firstname,,,,,,
652,Luke,0,unmatched,,,,,,
997,Lyon,0,unmatched,,,,,,
818,Ma,28,unmatched,,,,,,
1246,Mac,0,unmatched,,,,,,
1223,Mack,0,unmatched,,,,,,
1051,Mackey,0,unmatched,,,,,,
1006,Mahon,0,unmatched,,,,,,
761,Mammon,0,unmatched,,,,,,
1115,Manigault,0,unmatched,,,,,,
783,Margaret,2,firstname,,,,,,
551,Marie,0,unmatched,,,,,,
1200,Marion,0,unmatched,,,,,,
756,Marshall,0,unmatched,,,,,,
865,Martha,0,firstname,332,Martha Calhoun,,,,
598,Martin,8,surname,333;334;398;441;514;536;985,Martin Clerk;Martin Edwards;Sallie Martin;Thomas Martin Wagner;William Martin;Willie Martin;Martin L. Hurlbut,,,,
567,Mary,20,firstname,335;336;337;338;339;340;341;342;343;873;937;976;1203,Mary Adams;Mary Cleveland;Mary Dillon;Mary Hardin;Mary Jones;Mary Mauldin;Mary Mauldin Betty;Mary McCall;Mary McLain;Mary McDuffie;Mary Anne Petigru;Mary Blount;Mary Pettigrew,,,,
1104,Massey,0,unmatched,,,,,,
857,Matthew,0,surname,1137,Matthew Fon- taine Maury,,,,
874,Mattie,4,unmatched,,,,,,
1024,McClellan,2,unmatched,,,,,,
767,McCord,2,surname,769,David McCord,,,,
665,McDuffie,17,surname,176;873,George McDuffie;Mary McDuffie,,,,
726,McDufiie,0,unmatched,,,,,,
695,McDuflie,2,unmatched,,,,,,
1252,McGowan,0,surname,410,Samuel McGowan,,,,
1116,Mcintosh,0,unmatched,,,,,,
1093,McLean,0,unmatched,,,,,,
989,McLellan,0,unmatched,,,,,,
1028,Merrimack,0,unmatched,,,,,,
1194,Messrs,0,unmatched,,,,,,
970,Michael,7,unmatched,,,,,,
619,Middleton,16,surname,209;284;397;959;993;1068,J. Izard Middleton;John Izard Middleton;Russell Middleton;John Middleton;Jack Middleton;Henry Middleton*,,,,
1127,Midshipman,0,unmatched,,,,,,
1001,Miles,0,surname,345,Miles Norton,,,,
690,Milledgeville,7,unmatched,,,,,,
982,Milton,0,surname,599,Milton Ferry,,,,
574,Minny,0,unmatched,,,,,,
944,Mitchell,1,unmatched,,,,,,
1134,Moderns,0,unmatched,,,,,,
1021,Montes-,0,unmatched,,,,,,
1179,Mormons,0,unmatched,,,,,,
608,Morris,4,unmatched,,,,,,
920,Morse,1,unmatched,,,,,,
953,Morton,0,unmatched,,,,,,
696,Moultrie,1,unmatched,,,,,,
766,Mountaineers,0,unmatched,,,,,,
1182,Mouth,0,unmatched,,,,,,
736,Murphy,0,unmatched,,,,,,
946,Nat,1,surname,346;347,Nat Butler;Nat Heyward,,,,
941,Ned,0,unmatched,,,,,,
943,Nelson,2,surname,357,Patrick Nelson Lynch,,,,
830,Neufville,1,unmatched,,,,,,
611,North,2,junk,765;870;960;1099;1170;1213,Henry North;Edward North;James north;Jane Petigru North;James North's;Susy North,drop,,,
816,Norths,0,unmatched,,,,,,
668,O'Neal,0,unmatched,,,,,,
641,O'Neale,5,unmatched,,,,,,
729,O'Neall,0,unmatched,,,,,,
1198,Oelrich,0,unmatched,,,,,,
1145,Oilman,0,unmatched,,,,,,
917,Osprey,0,unmatched,,,,,,
749,Pat,0,unmatched,,,,,,
788,Patriot,0,unmatched,,,,,,
674,Patterson,0,surname,1132,Billy Patterson,,,,
1081,Pee-Dee,0,unmatched,,,,,,
762,pell,0,unmatched,,,,,,
794,Peronneau,0,unmatched,,,,,,
1046,Petersburg,5,unmatched,,,,,,
576,Phil,9,unmatched,,,,,,
1045,Pickens,11,surname,32;33;145;147;156;454,Andrew Pickens;Andrew Pickens Butler;Francis W. Pickens;Francis Wilkinson Pickens;Frank Pickens;Tom Pickens,,,,
918,Pierce,0,surname,365;520,Pierce Williamson;William Pierce Price,,,,
972,Pierre,0,surname,545;547;1156;1157,"Pierre Gibert;Pierre, Clément;Louis Dumesnil de St. Pierre;St Pierre",,,,
1086,Pinckney,0,surname,196;521;684,Henry Pinckney Hammett &;William Pinckney;Henry L. Pinckney,,,,
1058,Pocataligo,0,unmatched,,,,,,
893,Polk,1,unmatched,,,,,,
971,Pons,0,unmatched,,,,,,
606,Porcher,11,surname,157;899;1122;1205,Frank Porcher;Harriet Porcher;Philip Porcher;Louise Porcher,,,,
1149,Pothier,0,unmatched,,,,,,
1048,Prescott,0,unmatched,,,,,,
631,Preston,11,surname,299;302;368;471;484;1075,John Preston;John S. Preston;Preston Brooks;W.C. Preston;William C. Preston;William C.j Preston,,,,
826,Princeton,0,unmatched,,,,,,
691,Pringle,10,surname,1101,W. B. Pringle's,,,,
1070,Prioleauf,0,unmatched,,,,,,
956,Providence,0,junk,,,drop,,,
1091,rattan,0,unmatched,,,,,,
841,Ravenel,0,unmatched,,,,,,
814,Reid,1,unmatched,,,,,,
629,Representa-,0,unmatched,,,,,,
645,Resolutions,0,unmatched,,,,,,
823,Rev,0,unmatched,,,,,,
725,Revival,0,unmatched,,,,,,
933,Rhett,7,surname,53;106;113;236;1164;1236,Barnwell Rhett;Edmund Rhett;Edward Rhett;James Smith Rhett;Tom Rhett;Robert Rhett,,,,
800,Rhetts,0,surname,13;538,Albert Rhetts;Willie Rhetts,,,,
858,Rice,2,unmatched,,,,,,
575,Richard,1,surname,375;376;377;378;379;380;381;572,Richard DeTreville;Richard F. Simpson;Richard Freeman;Richard Harrison;Richard Singleton;Richard Stobo;Richard Stone;Richard Ready,,,,
640,Richardson,16,surname,295;297;303,John P. Richardson;John Peter Richardson;John Smyth Richardson,,,,
940,Ridge,0,unmatched,,,,,,
991,Rip,0,unmatched,,,,,,
990,Ripley,2,unmatched,,,,,,
1147,Robert,0,firstname,354;382;383;384;385;386;387;388;389;390;391;392;393;394;395;776;843;1236,Ozey Robert Broyles;Robert Barnwell;Robert Bentham;Robert Brown Elliott;Robert Cunningham;Robert Duncan;Robert Foster;Robert Francis Withers;Robert Goodloe Harper;Robert Harris;Robert Maxwell;Robert McKay;Robert Pool;Robert Thurston;Robert Wilson;Robert Pettigrew;Robert Allston;Robert Rhett,,,,
840,Robertson,1,surname,15,Alex Robertson,,,,
1133,Robin,0,unmatched,,,,,,
1074,Robinson,0,surname,63,Betty Robinson,,,,
905,Rosa,0,surname,1243,Rosa Izard,,,,
786,Sabbath,0,unmatched,,,,,,
563,Sabeau,0,unmatched,,,,,,
947,Said,0,unmatched,,,,,,
785,Sally,0,firstname,399;400;401,Sally Crook;Sally Taylor;Sally Thompson,,,,
758,Sam,1,surname,402;403;404;405,Sam Jones;Sam Mauldin;Sam McClanahan;Sam Townes,,,,
948,Sammy,0,unmatched,,,,,,
1110,Sanford,0,unmatched,,,,,,
801,Sarah,1,unmatched,,,,,,
1098,Savan-,0,unmatched,,,,,,
706,Schmidt,0,unmatched,,,,,,
954,Schroeder,0,unmatched,,,,,,
1190,Schuyler,0,unmatched,,,,,,
670,Scott,7,surname,755;951,William Scott;Dred Scott,,,,
1220,Secessionville,0,unmatched,,,,,,
1062,Seward,0,unmatched,,,,,,
656,Seyle,0,unmatched,,,,,,
795,Seymour,0,unmatched,,,,,,
796,Shall,0,unmatched,,,,,,
1168,Shaw,2,surname,1167,J. Shaw,,,,
1026,Sherman,5,unmatched,,,,,,
929,Shubrick,0,unmatched,,,,,,
1079,Simon,0,surname,412,Simon Turner,,,,
661,Simoniens,0,unmatched,,,,,,
889,Skinner,0,unmatched,,,,,,
740,Smith,0,surname,84;85;236;327;474;527;738;836,Charlotte Smith;Chesney Smith;James Smith Rhett;Lizzie R. Smith;Whiteford Smith;William Smith;James Smith;Oliver Smith,,,,
777,Solicitor,0,unmatched,,,,,,
610,Solomon,0,unmatched,,,,,,
1095,Specie,0,unmatched,,,,,,
790,Steedman,0,unmatched,,,,,,
877,Stevenson,7,unmatched,,,,,,
876,Stewart,5,unmatched,,,,,,
1229,ston,0,surname,1234,Ben All- ston,,,,
1090,Stoney,0,unmatched,,,,,,
1148,Storey,0,unmatched,,,,,,
820,Sue,27,surname,418;1248,Sue Hoke;Aunt Sue is,,,,
671,Sullivan,0,surname,80,Charles Sullivan,,,,
1105,Sulphur,0,surname,868;1106,White Sulphur;Sulphur Springs,,,,
1186,Sumpter,0,unmatched,,,,,,
1011,Sumter,2,surname,1038,Sumter Guards,,,,
886,SUSAN,3,firstname,50;419;420;421;422;607;867,Aunt Susan;Susan B. McColl;Susan Hayne;Susan Hoke;Susan Perry;Susan Webb;Susan Petigru King,,,,
591,Sweet,0,surname,590;1102,Laura Sweet;Sweet Springs,,,,
935,Taber,0,surname,522,William R. Taber,,,,
901,Taylor,2,surname,20;207;400;528;539;838,Alexander Taylor;Isaac Taylor;Sally Taylor;William Taylor;Willie Taylor;Josiah Taylor,,,,
621,Tazewell,0,unmatched,,,,,,
1181,Territory,0,unmatched,,,,,,
1117,Theater,0,unmatched,,,,,,
753,Thermometer,0,unmatched,,,,,,
562,Thomas,9,firstname,433;434;435;436;437;438;439;440;441;442;443;444;445;446;499;730;778;852,Thomas A. Hendricks;Thomas Butler;Thomas Case;Thomas Dawkins;Thomas E. Ware;Thomas Gowen;Thomas Jefferson;Thomas Jefferson Withers;Thomas Martin Wagner;Thomas Nuckolls Dawkins;Thomas Roberts;Thomas Stephen;Thomas Thurston;Thomas Worth Glover;William H. Thomas;Thomas Grimke;Thomas Joseph Pettigrew;Thomas Petigru,,,,
844,Thurston,0,surname,185;198;394;445;458,Harriet Thurston;Henry Thurston;Robert Thurston;Thomas Thurston;Tom Thurston,,,,
859,Timothy,1,unmatched,,,,,,
898,Tinsley,0,unmatched,,,,,,
1015,Tognio,1,unmatched,,,,,,
1012,Togno,2,unmatched,,,,,,
568,Tom,17,surname,448;449;450;451;452;453;454;455;456;457;458;658;712;754;966;1018;1050;1164;1171,Tom Adams;Tom Beattie;Tom Butler;Tom Earle;Tom Jones;Tom Long;Tom Pickens;Tom Poe;Tom Thompson;Tom Thumb;Tom Thurston;Tom Gantt;Tom Williams;Tom Condy;Tom Huger hang;Tom Coffin;Tom Wagner;Tom Rhett;Tom Pelot,,,,
649,Ton,0,unmatched,,,,,,
1063,Toney,0,unmatched,,,,,,
577,Tony,0,unmatched,,,,,,
680,Toomer,2,unmatched,,,,,,
994,Trescot,10,unmatched,,,,,,
1240,Trescott,0,unmatched,,,,,,
811,Trezevant,1,surname,328;896,Louis Trezevant Wigfall;Peter Trezevant,,,,
964,Tupper,1,unmatched,,,,,,
703,Tyler,2,unmatched,,,,,,
659,Uncertain,0,unmatched,,,,,,
757,Uncle,4,junk,,,drop,,,
1158,Vine,0,unmatched,,,,,,
969,Voyages,0,unmatched,,,,,,
1066,W.,0,surname,462;471,W.A. McDaniel;W.C. Preston,,,,
733,Waddy,0,surname,463;464,Waddy Thompson;Waddy Williams,,,,
1144,Wakulla,0,unmatched,,,,,,
1072,Wardens,0,unmatched,,,,,,
711,Warren,0,surname,469,Warren Davis,,,,
637,Wayne,9,surname,230,James Moore Wayne,,,,
688,Webster,11,unmatched,,,,,,
986,Werner,0,unmatched,,,,,,
1000,Whaley,0,surname,999,William Whaley,,,,
1096,Whitfields,0,unmatched,,,,,,
884,Wickham,0,unmatched,,,,,,
1055,Wigfall,0,surname,328,Louis Trezevant Wigfall,,,,
760,Wightman,4,unmatched,,,,,,
1017,William,13,firstname,5;6;87;162;199;478;479;480;481;482;483;484;485;486;487;488;489;490;491;492;493;494;495;496;497;499;500;501;502;503;504;505;506;507;508;509;510;511;512;513;514;515;516;517;518;519;520;521;522;523;524;525;526;527;528;529;530;531;717;755;782;881;890;891;913;999;1016;1041;1075;1178;1211;1217;1254,William Drayton;William Elliott;Christopher William Dudley;Frederick William Davie;Henry William Garlington;William A. Williams;William Adolphus Mooney &;William Aiken;William Alexander Rosborough;William Blanding;William Butlers;William C. Preston;William Calhoun;William Campbell;William Dalrymple Johnson;William Dunlap;William Dunlap Simpson;William Easley;William Edward;William Elliot;William Faber;William Ferguson;William Ford;William Fuller;William Gilmore Simms;William H. Thomas;William Hayne Perry;William H.C. Whiting;William Henry Foote;William Henry Millburns;William Henry White;William J. Hardee;William Jacobs;William John Grayson;William Johnson;William L. Yancey;William Lawton;William Lewis Sharkey;William Lowndes;William Lyles;William Martin;William Mauldins;William McCreight;William Mills;William Orlando;William Perry;William Pierce Price;William Pinckney;William R. Taber;William Rowland;William S. Archer;William Segar;William Sidney Mullins;William Smith;William Taylor;William Thompson;William Wallace;William Williams;William Jones;William Scott;William Beechy;William H. Cabell;William Blanding's;William Gillison;William Ross;William Whaley;William Cuthbert;William C. Hetward;William C.j Preston;william carson;William Heyward;William I. Pettigrew;William Pettigrew,,,,
713,Williams,3,surname,38;201;208;344;464;478;531;712;984;1043;1208,Anne Williams;Hopkins Williams;Iva Williams;Mathew Williams;Waddy Williams;William A. Williams;William Williams;Tom Williams;George W. Williams;S. C. WILLIAMS;George Williams,,,,
977,Willie,3,surname,532;533;534;535;536;537;538;539,Willie Beattie;Willie Butler;Willie Gill Watson;Willie Long;Willie Martin;Willie Perry;Willie Rhetts;Willie Taylor,,,,
580,Willington,5,surname,1192,Willington Guards,,,,
888,Winchester,1,unmatched,,,,,,
1044,Wingate,3,unmatched,,,,,,
996,Wise,0,unmatched,,,,,,
771,WiUiam,0,unmatched,,,,,,
1230,Wonderful,0,unmatched,,,,,,
1080,Woodstock,0,unmatched,,,,,,
552,Wright,0,unmatched,,,,,,
952,Yancey,0,surname,509,William L. Yancey,,,,
1004,Young,1,surname,693;995;1031;1226,Young Hayne;Henry Young;Lewis Young's;Lewis Young,,,,
